signal_date,factor,target,rank_ic,n
2007-07-31,composite_score,excess_forward_1m_return,0.0203767462577158,121
2007-08-31,composite_score,excess_forward_1m_return,0.16020322621824956,121
2007-09-28,composite_score,excess_forward_1m_return,0.20192893698270398,123
2007-10-31,composite_score,excess_forward_1m_return,-0.32433356231986094,123
2007-11-30,composite_score,excess_forward_1m_return,-0.30675966326592247,123
2007-12-28,composite_score,excess_forward_1m_return,-0.09426575191928553,124
2008-01-31,composite_score,excess_forward_1m_return,0.2096601861564365,124
2008-02-29,composite_score,excess_forward_1m_return,0.054502310007751596,124
2008-03-31,composite_score,excess_forward_1m_return,-0.1846671911880409,124
2008-04-30,composite_score,excess_forward_1m_return,0.057032258064516124,124
2008-05-30,composite_score,excess_forward_1m_return,0.12073032373000586,124
2008-06-30,composite_score,excess_forward_1m_return,-0.010807238394964594,124
2008-07-31,composite_score,excess_forward_1m_return,0.1208398950131234,126
2008-08-29,composite_score,excess_forward_1m_return,-0.11890831482325306,126
2008-09-30,composite_score,excess_forward_1m_return,0.29926959130108743,126
2008-10-31,composite_score,excess_forward_1m_return,0.06943380529658814,127
2008-11-28,composite_score,excess_forward_1m_return,-0.27295749109148126,127
2008-12-30,composite_score,excess_forward_1m_return,-0.21185468787325856,127
2009-01-30,composite_score,excess_forward_1m_return,0.25845147059497425,127
2009-02-27,composite_score,excess_forward_1m_return,-0.1587928834964962,127
2009-03-31,composite_score,excess_forward_1m_return,-0.18242375331582614,127
2009-04-30,composite_score,excess_forward_1m_return,0.08246039557555304,127
2009-05-29,composite_score,excess_forward_1m_return,-0.10877144291842256,128
2009-06-30,composite_score,excess_forward_1m_return,-0.13223119214418913,128
2009-07-31,composite_score,excess_forward_1m_return,0.17272569726174009,129
2009-08-31,composite_score,excess_forward_1m_return,-0.1477221429481303,129
2009-09-30,composite_score,excess_forward_1m_return,0.07816972271914134,129
2009-10-30,composite_score,excess_forward_1m_return,0.0056507667727266515,130
2009-11-30,composite_score,excess_forward_1m_return,-0.03329690025212522,131
2009-12-30,composite_score,excess_forward_1m_return,-0.08809671646152159,132
2010-01-29,composite_score,excess_forward_1m_return,0.03887432284918537,133
2010-02-26,composite_score,excess_forward_1m_return,-0.01716523062493705,134
2010-03-31,composite_score,excess_forward_1m_return,0.03165057067603161,135
2010-04-30,composite_score,excess_forward_1m_return,0.046332065164374214,135
2010-05-31,composite_score,excess_forward_1m_return,-0.11758082906879225,136
2010-06-30,composite_score,excess_forward_1m_return,-0.15116168121749915,136
2010-07-30,composite_score,excess_forward_1m_return,0.18256130472283685,137
2010-08-31,composite_score,excess_forward_1m_return,0.13452561106381905,137
2010-09-30,composite_score,excess_forward_1m_return,0.20091600473984506,138
2010-10-29,composite_score,excess_forward_1m_return,-0.08156150218561281,138
2010-11-30,composite_score,excess_forward_1m_return,-0.027537221254415063,138
2010-12-30,composite_score,excess_forward_1m_return,0.20327930984502562,138
2011-01-31,composite_score,excess_forward_1m_return,-0.08399839134903256,139
2011-02-28,composite_score,excess_forward_1m_return,0.17555506719201763,140
2011-03-31,composite_score,excess_forward_1m_return,0.21867802560041097,141
2011-04-29,composite_score,excess_forward_1m_return,0.151254496398152,141
2011-05-31,composite_score,excess_forward_1m_return,0.06313268110900178,142
2011-06-30,composite_score,excess_forward_1m_return,0.0007164254307464998,145
2011-07-29,composite_score,excess_forward_1m_return,0.1548110278458361,145
2011-08-31,composite_score,excess_forward_1m_return,0.12638216966784133,145
2011-09-30,composite_score,excess_forward_1m_return,-0.06262036795594896,145
2011-10-31,composite_score,excess_forward_1m_return,0.2141184875960165,145
2011-11-30,composite_score,excess_forward_1m_return,-0.03387135028378664,145
2011-12-29,composite_score,excess_forward_1m_return,-0.3180569346302527,146
2012-01-31,composite_score,excess_forward_1m_return,-0.14702116994474856,146
2012-02-29,composite_score,excess_forward_1m_return,-0.10819935102449418,146
2012-03-30,composite_score,excess_forward_1m_return,0.10794261030015745,146
2012-04-30,composite_score,excess_forward_1m_return,-0.0025469233512961163,146
2012-05-31,composite_score,excess_forward_1m_return,-0.055068831221469154,146
2012-06-29,composite_score,excess_forward_1m_return,0.03449445979399536,146
2012-07-31,composite_score,excess_forward_1m_return,-0.010112500361505019,146
2012-08-31,composite_score,excess_forward_1m_return,0.1027833047986733,146
2012-09-28,composite_score,excess_forward_1m_return,0.17788938910472077,146
2012-10-31,composite_score,excess_forward_1m_return,-0.017470781002592285,148
2012-11-30,composite_score,excess_forward_1m_return,-0.011066617185559832,148
2012-12-28,composite_score,excess_forward_1m_return,0.196507879805405,148
2013-01-31,composite_score,excess_forward_1m_return,0.12563648377764575,148
2013-02-28,composite_score,excess_forward_1m_return,0.19293006227409756,148
2013-03-29,composite_score,excess_forward_1m_return,0.19117354451040858,148
2013-04-30,composite_score,excess_forward_1m_return,-0.12004845693899067,148
2013-05-31,composite_score,excess_forward_1m_return,0.2067691578717466,148
2013-06-28,composite_score,excess_forward_1m_return,-0.06058037218152272,148
2013-07-31,composite_score,excess_forward_1m_return,0.06914759504381962,149
2013-08-30,composite_score,excess_forward_1m_return,-0.08596416285525289,149
2013-09-30,composite_score,excess_forward_1m_return,-0.013734004773615546,150
2013-10-31,composite_score,excess_forward_1m_return,0.050209219604774494,151
2013-11-29,composite_score,excess_forward_1m_return,-0.1183884558580895,151
2013-12-30,composite_score,excess_forward_1m_return,-0.16320745771047843,152
2014-01-29,composite_score,excess_forward_1m_return,-0.03623434172240781,152
2014-02-28,composite_score,excess_forward_1m_return,0.015515902476322351,152
2014-03-31,composite_score,excess_forward_1m_return,0.1340621187826614,152
2014-04-30,composite_score,excess_forward_1m_return,0.2184639406001635,153
2014-05-30,composite_score,excess_forward_1m_return,0.11563333467358233,153
2014-06-30,composite_score,excess_forward_1m_return,-0.09671571978073525,153
2014-07-31,composite_score,excess_forward_1m_return,0.020559592159528746,153
2014-08-29,composite_score,excess_forward_1m_return,0.1087344028520499,153
2014-09-30,composite_score,excess_forward_1m_return,-0.08382950635159686,153
2014-10-31,composite_score,excess_forward_1m_return,0.05901579553941676,154
2014-11-28,composite_score,excess_forward_1m_return,-0.09377469543659385,156
2014-12-30,composite_score,excess_forward_1m_return,0.06379714412423299,157
2015-01-30,composite_score,excess_forward_1m_return,-0.020407751907347272,157
2015-02-27,composite_score,excess_forward_1m_return,0.03816571969615504,157
2015-03-31,composite_score,excess_forward_1m_return,0.0762659042353974,157
2015-04-30,composite_score,excess_forward_1m_return,-0.0958421969870813,157
2015-05-29,composite_score,excess_forward_1m_return,0.060810396996400194,157
2015-06-30,composite_score,excess_forward_1m_return,-0.0374211864229505,157
2015-07-31,composite_score,excess_forward_1m_return,0.1714602901920628,157
2015-08-31,composite_score,excess_forward_1m_return,-0.055473981746016615,157
2015-09-30,composite_score,excess_forward_1m_return,-0.021447991373054663,157
2015-10-30,composite_score,excess_forward_1m_return,0.10345215765606017,158
2015-11-30,composite_score,excess_forward_1m_return,0.1072979663974851,159
2015-12-30,composite_score,excess_forward_1m_return,0.007635245727287272,159
2016-01-29,composite_score,excess_forward_1m_return,0.2124857072069035,159
2016-02-29,composite_score,excess_forward_1m_return,0.13709696680200625,159
2016-03-31,composite_score,excess_forward_1m_return,-0.04157215904300107,159
2016-04-29,composite_score,excess_forward_1m_return,-0.011810365416766182,159
2016-05-31,composite_score,excess_forward_1m_return,0.08706412705994745,159
2016-06-30,composite_score,excess_forward_1m_return,-0.017233413865402062,159
2016-07-29,composite_score,excess_forward_1m_return,0.13644325922745262,159
2016-08-31,composite_score,excess_forward_1m_return,-0.03749610955373144,159
2016-09-30,composite_score,excess_forward_1m_return,0.20189336605465555,159
2016-10-31,composite_score,excess_forward_1m_return,0.1408646859809668,159
2016-11-30,composite_score,excess_forward_1m_return,0.06927498641329081,161
2016-12-29,composite_score,excess_forward_1m_return,0.016017023480829118,161
2017-01-31,composite_score,excess_forward_1m_return,-0.09043625789488595,161
2017-02-28,composite_score,excess_forward_1m_return,0.053617591493180884,161
2017-03-31,composite_score,excess_forward_1m_return,-0.10067125199773962,161
2017-04-28,composite_score,excess_forward_1m_return,-0.0819274267527736,161
2017-05-31,composite_score,excess_forward_1m_return,0.23393251957250186,166
2017-06-30,composite_score,excess_forward_1m_return,0.0799722433398593,166
2017-07-31,composite_score,excess_forward_1m_return,-0.060445333102527636,167
2017-08-31,composite_score,excess_forward_1m_return,0.058835124319098306,167
2017-09-29,composite_score,excess_forward_1m_return,-0.1743866963296255,167
2017-10-31,composite_score,excess_forward_1m_return,0.0622745898153028,168
2017-11-30,composite_score,excess_forward_1m_return,0.11367020001871717,168
2017-12-28,composite_score,excess_forward_1m_return,-0.022500208220176326,169
2018-01-31,composite_score,excess_forward_1m_return,0.08322046504584141,170
2018-02-28,composite_score,excess_forward_1m_return,-0.025328436754703962,170
2018-03-30,composite_score,excess_forward_1m_return,0.023667490023580186,170
2018-04-30,composite_score,excess_forward_1m_return,0.10022777095889743,170
2018-05-31,composite_score,excess_forward_1m_return,-0.14392315630705724,170
2018-06-29,composite_score,excess_forward_1m_return,0.09581669827813778,170
2018-07-31,composite_score,excess_forward_1m_return,-0.024476154551754607,173
2018-08-31,composite_score,excess_forward_1m_return,0.0054546313967203915,174
2018-09-28,composite_score,excess_forward_1m_return,0.18012584719865238,174
2018-10-31,composite_score,excess_forward_1m_return,-0.15042672349635428,174
2018-11-30,composite_score,excess_forward_1m_return,-0.027456675379998064,174
2018-12-28,composite_score,excess_forward_1m_return,-0.07709843804252414,174
2019-01-31,composite_score,excess_forward_1m_return,-0.22211680287024113,174
2019-02-28,composite_score,excess_forward_1m_return,0.0334807621365716,175
2019-03-29,composite_score,excess_forward_1m_return,-0.10458182459168071,176
2019-04-30,composite_score,excess_forward_1m_return,0.18916134712744884,176
2019-05-31,composite_score,excess_forward_1m_return,0.12242137487420676,176
2019-06-28,composite_score,excess_forward_1m_return,0.1601761832358724,176
2019-07-31,composite_score,excess_forward_1m_return,0.06177415804534449,176
2019-08-30,composite_score,excess_forward_1m_return,0.04700981457703954,176
2019-09-30,composite_score,excess_forward_1m_return,-0.15669059910336905,176
2019-10-31,composite_score,excess_forward_1m_return,0.13355059077186196,176
2019-11-29,composite_score,excess_forward_1m_return,0.02956146881113554,177
2019-12-30,composite_score,excess_forward_1m_return,0.270169464566023,177
2020-01-31,composite_score,excess_forward_1m_return,0.03348065383685732,177
2020-02-28,composite_score,excess_forward_1m_return,0.14307030594863246,177
2020-03-31,composite_score,excess_forward_1m_return,-0.1549726459029449,177
2020-04-29,composite_score,excess_forward_1m_return,-0.06517809658447862,177
2020-05-29,composite_score,excess_forward_1m_return,-0.02240265923373903,177
2020-06-30,composite_score,excess_forward_1m_return,0.014241883711483291,177
2020-07-31,composite_score,excess_forward_1m_return,0.008477240556064773,178
2020-08-31,composite_score,excess_forward_1m_return,0.0032034351549085132,178
2020-09-29,composite_score,excess_forward_1m_return,0.1145543971938306,178
2020-10-30,composite_score,excess_forward_1m_return,-0.02085872497932322,179
2020-11-30,composite_score,excess_forward_1m_return,-0.07690247525788295,179
2020-12-30,composite_score,excess_forward_1m_return,0.07341668593384422,179
2021-01-29,composite_score,excess_forward_1m_return,0.12459650225651732,180
2021-02-26,composite_score,excess_forward_1m_return,0.0888813440744056,180
2021-03-31,composite_score,excess_forward_1m_return,0.1123733189511603,181
2021-04-30,composite_score,excess_forward_1m_return,-0.08683351226757755,181
2021-05-31,composite_score,excess_forward_1m_return,-0.042763607169699146,183
2021-06-30,composite_score,excess_forward_1m_return,0.06633551452515939,183
2021-07-30,composite_score,excess_forward_1m_return,-0.18780593522413067,184
2021-08-31,composite_score,excess_forward_1m_return,0.24483773060623154,186
2021-09-30,composite_score,excess_forward_1m_return,0.013104724013521302,187
2021-10-29,composite_score,excess_forward_1m_return,0.059985172080936955,187
2021-11-30,composite_score,excess_forward_1m_return,0.026776207853377507,189
2021-12-30,composite_score,excess_forward_1m_return,0.23789082635667186,189
2022-01-28,composite_score,excess_forward_1m_return,-0.20004723851513606,190
2022-02-28,composite_score,excess_forward_1m_return,-0.013834761423628883,190
2022-03-31,composite_score,excess_forward_1m_return,-0.028193767086918047,190
2022-04-29,composite_score,excess_forward_1m_return,0.12602383816775267,190
2022-05-31,composite_score,excess_forward_1m_return,0.0022438294689603594,190
2022-06-30,composite_score,excess_forward_1m_return,-0.21239048756271137,190
2022-07-29,composite_score,excess_forward_1m_return,0.09242585614550602,190
2022-08-31,composite_score,excess_forward_1m_return,0.2399316265635568,190
2022-09-30,composite_score,excess_forward_1m_return,0.11609960542652682,190
2022-10-31,composite_score,excess_forward_1m_return,-0.22408639399545988,190
2022-11-30,composite_score,excess_forward_1m_return,0.022696356948216968,190
2022-12-29,composite_score,excess_forward_1m_return,-0.22861176878138573,190
2023-01-31,composite_score,excess_forward_1m_return,-0.009548303568694863,190
2023-02-28,composite_score,excess_forward_1m_return,-0.17902784885424733,190
2023-03-31,composite_score,excess_forward_1m_return,-0.14772653213901613,190
2023-04-28,composite_score,excess_forward_1m_return,-0.0881077808901131,190
2023-05-31,composite_score,excess_forward_1m_return,0.22861272533835197,192
2023-06-30,composite_score,excess_forward_1m_return,-0.028100681959505436,192
2023-07-31,composite_score,excess_forward_1m_return,-0.04204929487617318,192
2023-08-31,composite_score,excess_forward_1m_return,0.12044178802331165,192
2023-09-27,composite_score,excess_forward_1m_return,0.20829414330349347,192
2023-10-31,composite_score,excess_forward_1m_return,-0.17224647965791906,193
2023-11-30,composite_score,excess_forward_1m_return,-0.0322098575559459,194
2023-12-28,composite_score,excess_forward_1m_return,0.15215928169420065,194
2024-01-31,composite_score,excess_forward_1m_return,-0.023788225867804366,194
2024-02-29,composite_score,excess_forward_1m_return,-0.07436436906245447,195
2024-03-29,composite_score,excess_forward_1m_return,0.01554969960255982,195
2024-04-30,composite_score,excess_forward_1m_return,0.2567042677499231,195
2024-05-31,composite_score,excess_forward_1m_return,0.09939994740574873,196
2024-06-28,composite_score,excess_forward_1m_return,0.04335685734509303,196
2024-07-31,composite_score,excess_forward_1m_return,-0.16466252391728298,197
2024-08-30,composite_score,excess_forward_1m_return,-0.023063964674182466,197
2024-09-30,composite_score,excess_forward_1m_return,0.0759176767153562,197
2024-10-31,composite_score,excess_forward_1m_return,0.16505159530073388,197
2024-11-29,composite_score,excess_forward_1m_return,0.005217407682962433,197
2024-12-30,composite_score,excess_forward_1m_return,-0.026437063057802725,197
2025-01-31,composite_score,excess_forward_1m_return,-0.007368570992442465,197
2025-02-28,composite_score,excess_forward_1m_return,0.2992609552317604,198
2025-03-31,composite_score,excess_forward_1m_return,0.03305795983993843,198
2025-04-30,composite_score,excess_forward_1m_return,0.07031542885941783,198
2025-05-30,composite_score,excess_forward_1m_return,0.03504644434292675,199
2025-06-30,composite_score,excess_forward_1m_return,0.09414500310073892,199
2025-07-31,composite_score,excess_forward_1m_return,-0.13244124493941486,199
2025-08-29,composite_score,excess_forward_1m_return,0.05221945036525822,199
2025-09-30,composite_score,excess_forward_1m_return,-0.1196193086645348,199
2025-10-31,composite_score,excess_forward_1m_return,-0.005352520176640779,199
2025-11-28,composite_score,excess_forward_1m_return,0.17817962266540452,200
2025-12-30,composite_score,excess_forward_1m_return,0.05709442736068402,200
2026-01-30,composite_score,excess_forward_1m_return,0.22747652812825134,200
2026-02-27,composite_score,excess_forward_1m_return,-0.07087827195679892,200
2026-03-31,composite_score,excess_forward_1m_return,-0.0034673379837015803,200
2026-04-30,composite_score,excess_forward_1m_return,0.14037650941273536,200
2026-05-29,composite_score,excess_forward_1m_return,0.23708692717317936,200
2007-07-31,low_volatility_score,excess_forward_1m_return,-0.13907738997474545,121
2007-08-31,low_volatility_score,excess_forward_1m_return,-0.18478776300993105,121
2007-09-28,low_volatility_score,excess_forward_1m_return,-0.18885653574148073,123
2007-10-31,low_volatility_score,excess_forward_1m_return,0.2038185342020816,123
2007-11-30,low_volatility_score,excess_forward_1m_return,0.23856648579937362,123
2007-12-28,low_volatility_score,excess_forward_1m_return,0.2352174735224213,124
2008-01-31,low_volatility_score,excess_forward_1m_return,0.029296847339801972,124
2008-02-29,low_volatility_score,excess_forward_1m_return,0.010939486637426062,124
2008-03-31,low_volatility_score,excess_forward_1m_return,0.21197830366399753,124
2008-04-30,low_volatility_score,excess_forward_1m_return,0.06523367427222658,124
2008-05-30,low_volatility_score,excess_forward_1m_return,0.0640347191735162,124
2008-06-30,low_volatility_score,excess_forward_1m_return,0.08545082612116443,124
2008-07-31,low_volatility_score,excess_forward_1m_return,0.0873732094087363,126
2008-08-29,low_volatility_score,excess_forward_1m_return,0.0935015928056777,126
2008-09-30,low_volatility_score,excess_forward_1m_return,-0.08674628683367361,126
2008-10-31,low_volatility_score,excess_forward_1m_return,0.0631038098987319,127
2008-11-28,low_volatility_score,excess_forward_1m_return,0.23555396720716879,127
2008-12-30,low_volatility_score,excess_forward_1m_return,-0.10315372582740441,127
2009-01-30,low_volatility_score,excess_forward_1m_return,-0.037416276212012,127
2009-02-27,low_volatility_score,excess_forward_1m_return,0.1360173767597552,127
2009-03-31,low_volatility_score,excess_forward_1m_return,-0.04784760476372066,127
2009-04-30,low_volatility_score,excess_forward_1m_return,0.07681266404199474,127
2009-05-29,low_volatility_score,excess_forward_1m_return,0.010915484394301928,128
2009-06-30,low_volatility_score,excess_forward_1m_return,-0.05861205173804423,128
2009-07-31,low_volatility_score,excess_forward_1m_return,-0.04867542958611089,129
2009-08-31,low_volatility_score,excess_forward_1m_return,0.14852736059749722,129
2009-09-30,low_volatility_score,excess_forward_1m_return,0.0967856898280376,129
2009-10-30,low_volatility_score,excess_forward_1m_return,-0.08061058111295401,130
2009-11-30,low_volatility_score,excess_forward_1m_return,-0.021149983651904763,131
2009-12-30,low_volatility_score,excess_forward_1m_return,0.025131685022526887,132
2010-01-29,low_volatility_score,excess_forward_1m_return,-0.08568171211090532,133
2010-02-26,low_volatility_score,excess_forward_1m_return,0.18473720306752292,134
2010-03-31,low_volatility_score,excess_forward_1m_return,-0.13104890597208904,135
2010-04-30,low_volatility_score,excess_forward_1m_return,-0.18425481067841,135
2010-05-31,low_volatility_score,excess_forward_1m_return,-0.17638499268493024,136
2010-06-30,low_volatility_score,excess_forward_1m_return,0.20629987000978345,136
2010-07-30,low_volatility_score,excess_forward_1m_return,0.006092908098078615,137
2010-08-31,low_volatility_score,excess_forward_1m_return,-0.23508080465265177,137
2010-09-30,low_volatility_score,excess_forward_1m_return,-0.05278010534614271,138
2010-10-29,low_volatility_score,excess_forward_1m_return,-0.06783542415159882,138
2010-11-30,low_volatility_score,excess_forward_1m_return,0.1961489856470112,138
2010-12-30,low_volatility_score,excess_forward_1m_return,-0.2107888800606409,138
2011-01-31,low_volatility_score,excess_forward_1m_return,0.0002681087940803251,139
2011-02-28,low_volatility_score,excess_forward_1m_return,-0.3099817956205891,140
2011-03-31,low_volatility_score,excess_forward_1m_return,-0.31205664650590553,141
2011-04-29,low_volatility_score,excess_forward_1m_return,-0.04975196793535606,141
2011-05-31,low_volatility_score,excess_forward_1m_return,0.02121836368170569,142
2011-06-30,low_volatility_score,excess_forward_1m_return,0.034094935215896766,145
2011-07-29,low_volatility_score,excess_forward_1m_return,-0.07484280639994743,145
2011-08-31,low_volatility_score,excess_forward_1m_return,-0.06689235736529019,145
2011-09-30,low_volatility_score,excess_forward_1m_return,0.16687365792214504,145
2011-10-31,low_volatility_score,excess_forward_1m_return,-0.08670193712208298,145
2011-11-30,low_volatility_score,excess_forward_1m_return,0.2896108395298282,145
2011-12-29,low_volatility_score,excess_forward_1m_return,0.2632624140823075,146
2012-01-31,low_volatility_score,excess_forward_1m_return,0.13391238962562638,146
2012-02-29,low_volatility_score,excess_forward_1m_return,-0.010995579017671205,146
2012-03-30,low_volatility_score,excess_forward_1m_return,-0.11118169838118244,146
2012-04-30,low_volatility_score,excess_forward_1m_return,-0.17131096179614974,146
2012-05-31,low_volatility_score,excess_forward_1m_return,0.28011028420690015,146
2012-06-29,low_volatility_score,excess_forward_1m_return,0.12483828613277097,146
2012-07-31,low_volatility_score,excess_forward_1m_return,-0.036549603308493925,146
2012-08-31,low_volatility_score,excess_forward_1m_return,-0.020975043573527793,146
2012-09-28,low_volatility_score,excess_forward_1m_return,0.10390329017766768,146
2012-10-31,low_volatility_score,excess_forward_1m_return,-0.1766199680534905,148
2012-11-30,low_volatility_score,excess_forward_1m_return,0.3199212991199347,148
2012-12-28,low_volatility_score,excess_forward_1m_return,0.08508661361955669,148
2013-01-31,low_volatility_score,excess_forward_1m_return,-0.1239040262978161,148
2013-02-28,low_volatility_score,excess_forward_1m_return,-0.2725918193214399,148
2013-03-29,low_volatility_score,excess_forward_1m_return,-0.3937731480202869,148
2013-04-30,low_volatility_score,excess_forward_1m_return,0.22186910888661268,148
2013-05-31,low_volatility_score,excess_forward_1m_return,0.032849998334178586,148
2013-06-28,low_volatility_score,excess_forward_1m_return,0.10917053198932396,148
2013-07-31,low_volatility_score,excess_forward_1m_return,0.2824510837136584,149
2013-08-30,low_volatility_score,excess_forward_1m_return,0.17059889461072847,149
2013-09-30,low_volatility_score,excess_forward_1m_return,0.0018703153223656689,150
2013-10-31,low_volatility_score,excess_forward_1m_return,-0.04440416697543482,151
2013-11-29,low_volatility_score,excess_forward_1m_return,0.09598367362591884,151
2013-12-30,low_volatility_score,excess_forward_1m_return,-0.11760896680593888,152
2014-01-29,low_volatility_score,excess_forward_1m_return,-0.006694329042164927,152
2014-02-28,low_volatility_score,excess_forward_1m_return,-0.04936537674633707,152
2014-03-31,low_volatility_score,excess_forward_1m_return,0.05100937182905149,152
2014-04-30,low_volatility_score,excess_forward_1m_return,-0.12200642315435205,153
2014-05-30,low_volatility_score,excess_forward_1m_return,0.08488481378058262,153
2014-06-30,low_volatility_score,excess_forward_1m_return,0.10019374991103416,153
2014-07-31,low_volatility_score,excess_forward_1m_return,-0.2993833960130212,153
2014-08-29,low_volatility_score,excess_forward_1m_return,-0.31810669563851884,153
2014-09-30,low_volatility_score,excess_forward_1m_return,0.0016853701992760553,153
2014-10-31,low_volatility_score,excess_forward_1m_return,0.27158344888316427,154
2014-11-28,low_volatility_score,excess_forward_1m_return,-0.051632195680142115,156
2014-12-30,low_volatility_score,excess_forward_1m_return,-0.21308312097695276,157
2015-01-30,low_volatility_score,excess_forward_1m_return,0.1717554647986033,157
2015-02-27,low_volatility_score,excess_forward_1m_return,-0.23900624161273523,157
2015-03-31,low_volatility_score,excess_forward_1m_return,-0.04094432272983706,157
2015-04-30,low_volatility_score,excess_forward_1m_return,-0.1886801229244025,157
2015-05-29,low_volatility_score,excess_forward_1m_return,-0.4240962547774651,157
2015-06-30,low_volatility_score,excess_forward_1m_return,-0.11306516496102742,157
2015-07-31,low_volatility_score,excess_forward_1m_return,0.05013070699639889,157
2015-08-31,low_volatility_score,excess_forward_1m_return,0.396416161859867,157
2015-09-30,low_volatility_score,excess_forward_1m_return,0.11553665330402237,157
2015-10-30,low_volatility_score,excess_forward_1m_return,-0.1807069826601828,158
2015-11-30,low_volatility_score,excess_forward_1m_return,-0.14043638111473178,159
2015-12-30,low_volatility_score,excess_forward_1m_return,-0.26899222144766755,159
2016-01-29,low_volatility_score,excess_forward_1m_return,0.40649333686712563,159
2016-02-29,low_volatility_score,excess_forward_1m_return,0.19167526844648614,159
2016-03-31,low_volatility_score,excess_forward_1m_return,0.25867903433101613,159
2016-04-29,low_volatility_score,excess_forward_1m_return,-0.3221907093384285,159
2016-05-31,low_volatility_score,excess_forward_1m_return,-0.12229221399570098,159
2016-06-30,low_volatility_score,excess_forward_1m_return,0.14334408835692458,159
2016-07-29,low_volatility_score,excess_forward_1m_return,0.035043042517080424,159
2016-08-31,low_volatility_score,excess_forward_1m_return,-0.007501018795925795,159
2016-09-30,low_volatility_score,excess_forward_1m_return,0.16017793235774402,159
2016-10-31,low_volatility_score,excess_forward_1m_return,0.1815876247725471,159
2016-11-30,low_volatility_score,excess_forward_1m_return,-0.0524013072290651,161
2016-12-29,low_volatility_score,excess_forward_1m_return,-0.12767636916965294,161
2017-01-31,low_volatility_score,excess_forward_1m_return,0.18962885855376072,161
2017-02-28,low_volatility_score,excess_forward_1m_return,-0.14760961989441826,161
2017-03-31,low_volatility_score,excess_forward_1m_return,0.16792752753818926,161
2017-04-28,low_volatility_score,excess_forward_1m_return,0.16751855094860432,161
2017-05-31,low_volatility_score,excess_forward_1m_return,-0.191410851411586,166
2017-06-30,low_volatility_score,excess_forward_1m_return,-0.08054469527486059,166
2017-07-31,low_volatility_score,excess_forward_1m_return,-0.1169869028543989,167
2017-08-31,low_volatility_score,excess_forward_1m_return,-0.17674026714138003,167
2017-09-29,low_volatility_score,excess_forward_1m_return,0.06713106709114286,167
2017-10-31,low_volatility_score,excess_forward_1m_return,-0.1369892137847847,168
2017-11-30,low_volatility_score,excess_forward_1m_return,-0.10520940963146691,168
2017-12-28,low_volatility_score,excess_forward_1m_return,0.017142423831835996,169
2018-01-31,low_volatility_score,excess_forward_1m_return,0.1472995269912958,170
2018-02-28,low_volatility_score,excess_forward_1m_return,-0.030670381031914773,170
2018-03-30,low_volatility_score,excess_forward_1m_return,0.2120414947698197,170
2018-04-30,low_volatility_score,excess_forward_1m_return,-0.06878337572279337,170
2018-05-31,low_volatility_score,excess_forward_1m_return,0.11789512508496784,170
2018-06-29,low_volatility_score,excess_forward_1m_return,0.1940478967474154,170
2018-07-31,low_volatility_score,excess_forward_1m_return,-0.10460279411294815,173
2018-08-31,low_volatility_score,excess_forward_1m_return,-0.14488202608595263,174
2018-09-28,low_volatility_score,excess_forward_1m_return,0.04771691955193236,174
2018-10-31,low_volatility_score,excess_forward_1m_return,0.17480116040724986,174
2018-11-30,low_volatility_score,excess_forward_1m_return,0.04807139236757729,174
2018-12-28,low_volatility_score,excess_forward_1m_return,0.27826624759537644,174
2019-01-31,low_volatility_score,excess_forward_1m_return,0.03558529570887554,174
2019-02-28,low_volatility_score,excess_forward_1m_return,0.01690887646041267,175
2019-03-29,low_volatility_score,excess_forward_1m_return,0.06996558952472468,176
2019-04-30,low_volatility_score,excess_forward_1m_return,-0.1044937841150192,176
2019-05-31,low_volatility_score,excess_forward_1m_return,-0.02017391610600496,176
2019-06-28,low_volatility_score,excess_forward_1m_return,0.111549759574906,176
2019-07-31,low_volatility_score,excess_forward_1m_return,-0.11134828931780759,176
2019-08-30,low_volatility_score,excess_forward_1m_return,0.1118295569985881,176
2019-09-30,low_volatility_score,excess_forward_1m_return,0.034837131211281534,176
2019-10-31,low_volatility_score,excess_forward_1m_return,0.1563714265746586,176
2019-11-29,low_volatility_score,excess_forward_1m_return,-0.12797893906516383,177
2019-12-30,low_volatility_score,excess_forward_1m_return,-0.3202932345064517,177
2020-01-31,low_volatility_score,excess_forward_1m_return,-0.05692749916007047,177
2020-02-28,low_volatility_score,excess_forward_1m_return,-0.06162685638546092,177
2020-03-31,low_volatility_score,excess_forward_1m_return,0.3066515468915012,177
2020-04-29,low_volatility_score,excess_forward_1m_return,-0.2025524372806111,177
2020-05-29,low_volatility_score,excess_forward_1m_return,-0.24997186683056044,177
2020-06-30,low_volatility_score,excess_forward_1m_return,-0.05719368236877924,177
2020-07-31,low_volatility_score,excess_forward_1m_return,-0.14992736149613503,178
2020-08-31,low_volatility_score,excess_forward_1m_return,0.19177948109885543,178
2020-09-29,low_volatility_score,excess_forward_1m_return,0.27430916287785345,178
2020-10-30,low_volatility_score,excess_forward_1m_return,-0.05706810007344188,179
2020-11-30,low_volatility_score,excess_forward_1m_return,-0.11746293124829232,179
2020-12-30,low_volatility_score,excess_forward_1m_return,-0.01143422977053077,179
2021-01-29,low_volatility_score,excess_forward_1m_return,0.2620628847216321,180
2021-02-26,low_volatility_score,excess_forward_1m_return,0.2867589980961716,180
2021-03-31,low_volatility_score,excess_forward_1m_return,0.12338035551506307,181
2021-04-30,low_volatility_score,excess_forward_1m_return,0.18131449479791711,181
2021-05-31,low_volatility_score,excess_forward_1m_return,-0.15436498534451404,183
2021-06-30,low_volatility_score,excess_forward_1m_return,0.1794965434008304,183
2021-07-30,low_volatility_score,excess_forward_1m_return,0.1010474809899939,184
2021-08-31,low_volatility_score,excess_forward_1m_return,-0.12604301924185726,186
2021-09-30,low_volatility_score,excess_forward_1m_return,0.1821963932761277,187
2021-10-29,low_volatility_score,excess_forward_1m_return,0.01177168491969441,187
2021-11-30,low_volatility_score,excess_forward_1m_return,0.14104121146721552,189
2021-12-30,low_volatility_score,excess_forward_1m_return,-0.03421285113159345,189
2022-01-28,low_volatility_score,excess_forward_1m_return,0.15783766762484433,190
2022-02-28,low_volatility_score,excess_forward_1m_return,-0.06310043477180198,190
2022-03-31,low_volatility_score,excess_forward_1m_return,0.03694703019800518,190
2022-04-29,low_volatility_score,excess_forward_1m_return,0.0030880329974048953,190
2022-05-31,low_volatility_score,excess_forward_1m_return,0.03763949036618535,190
2022-06-30,low_volatility_score,excess_forward_1m_return,0.15562028981703827,190
2022-07-29,low_volatility_score,excess_forward_1m_return,-0.20488526045804847,190
2022-08-31,low_volatility_score,excess_forward_1m_return,-0.01924708739308639,190
2022-09-30,low_volatility_score,excess_forward_1m_return,-0.08539007576191548,190
2022-10-31,low_volatility_score,excess_forward_1m_return,0.19604421175101805,190
2022-11-30,low_volatility_score,excess_forward_1m_return,0.05750239473028121,190
2022-12-29,low_volatility_score,excess_forward_1m_return,0.18684765440988826,190
2023-01-31,low_volatility_score,excess_forward_1m_return,-0.034526980627834866,190
2023-02-28,low_volatility_score,excess_forward_1m_return,-0.10455545495501407,190
2023-03-31,low_volatility_score,excess_forward_1m_return,-0.17333686165031073,190
2023-04-28,low_volatility_score,excess_forward_1m_return,0.09495387242444153,190
2023-05-31,low_volatility_score,excess_forward_1m_return,-0.3100520084942969,192
2023-06-30,low_volatility_score,excess_forward_1m_return,-0.19377331003197276,192
2023-07-31,low_volatility_score,excess_forward_1m_return,0.22019039254742193,192
2023-08-31,low_volatility_score,excess_forward_1m_return,0.17435257505519255,192
2023-09-27,low_volatility_score,excess_forward_1m_return,0.30872856451956826,192
2023-10-31,low_volatility_score,excess_forward_1m_return,-0.02600526481839666,193
2023-11-30,low_volatility_score,excess_forward_1m_return,-0.07674414877946906,194
2023-12-28,low_volatility_score,excess_forward_1m_return,0.05937071772698632,194
2024-01-31,low_volatility_score,excess_forward_1m_return,-0.16932569182066523,194
2024-02-29,low_volatility_score,excess_forward_1m_return,-0.034642144462885785,195
2024-03-29,low_volatility_score,excess_forward_1m_return,-0.041246098104260304,195
2024-04-30,low_volatility_score,excess_forward_1m_return,-0.14681017123201576,195
2024-05-31,low_volatility_score,excess_forward_1m_return,-0.24539859700746264,196
2024-06-28,low_volatility_score,excess_forward_1m_return,0.04806488552357236,196
2024-07-31,low_volatility_score,excess_forward_1m_return,0.11028793148913194,197
2024-08-30,low_volatility_score,excess_forward_1m_return,0.19630597997403007,197
2024-09-30,low_volatility_score,excess_forward_1m_return,-0.1515427387488253,197
2024-10-31,low_volatility_score,excess_forward_1m_return,-0.1756466536309937,197
2024-11-29,low_volatility_score,excess_forward_1m_return,-0.06904118361696318,197
2024-12-30,low_volatility_score,excess_forward_1m_return,-0.1863104263394329,197
2025-01-31,low_volatility_score,excess_forward_1m_return,0.1633878003807234,197
2025-02-28,low_volatility_score,excess_forward_1m_return,0.06442234928279156,198
2025-03-31,low_volatility_score,excess_forward_1m_return,-0.3003893877821216,198
2025-04-30,low_volatility_score,excess_forward_1m_return,-0.2274524445021601,198
2025-05-30,low_volatility_score,excess_forward_1m_return,-0.15159515440657198,199
2025-06-30,low_volatility_score,excess_forward_1m_return,0.10457370532488602,199
2025-07-31,low_volatility_score,excess_forward_1m_return,0.07234826941138907,199
2025-08-29,low_volatility_score,excess_forward_1m_return,-0.022912297438823587,199
2025-09-30,low_volatility_score,excess_forward_1m_return,-0.020583219125932695,199
2025-10-31,low_volatility_score,excess_forward_1m_return,0.24964824120603016,199
2025-11-28,low_volatility_score,excess_forward_1m_return,-0.1849823182429502,200
2025-12-30,low_volatility_score,excess_forward_1m_return,-0.21989499737493443,200
2026-01-30,low_volatility_score,excess_forward_1m_return,-0.13712163372344796,200
2026-02-27,low_volatility_score,excess_forward_1m_return,0.33489837245931153,200
2026-03-31,low_volatility_score,excess_forward_1m_return,-0.37357697951588154,200
2026-04-30,low_volatility_score,excess_forward_1m_return,-0.07060976524413112,200
2026-05-29,low_volatility_score,excess_forward_1m_return,0.2968364209105228,200
2007-07-31,momentum_score,excess_forward_1m_return,0.11326023926881293,121
2007-08-31,momentum_score,excess_forward_1m_return,0.1966267492476294,121
2007-09-28,momentum_score,excess_forward_1m_return,0.23491114543998107,123
2007-10-31,momentum_score,excess_forward_1m_return,-0.35202651958697934,123
2007-11-30,momentum_score,excess_forward_1m_return,-0.38187692897266623,123
2007-12-28,momentum_score,excess_forward_1m_return,-0.20171434090935286,124
2008-01-31,momentum_score,excess_forward_1m_return,0.14199639651138954,124
2008-02-29,momentum_score,excess_forward_1m_return,0.03131412314222937,124
2008-03-31,momentum_score,excess_forward_1m_return,-0.24151843599808714,124
2008-04-30,momentum_score,excess_forward_1m_return,-0.0425302911093627,124
2008-05-30,momentum_score,excess_forward_1m_return,-0.02529036237668336,124
2008-06-30,momentum_score,excess_forward_1m_return,-0.02389929189614477,124
2008-07-31,momentum_score,excess_forward_1m_return,0.14098858790955177,126
2008-08-29,momentum_score,excess_forward_1m_return,-0.16899038317325285,126
2008-09-30,momentum_score,excess_forward_1m_return,0.3439465226048452,126
2008-10-31,momentum_score,excess_forward_1m_return,0.07388377556706974,127
2008-11-28,momentum_score,excess_forward_1m_return,-0.41748932256834426,127
2008-12-30,momentum_score,excess_forward_1m_return,-0.324746465758677,127
2009-01-30,momentum_score,excess_forward_1m_return,0.19524248225215782,127
2009-02-27,momentum_score,excess_forward_1m_return,-0.37198334385489357,127
2009-03-31,momentum_score,excess_forward_1m_return,-0.3372327539619085,127
2009-04-30,momentum_score,excess_forward_1m_return,-0.010211614173228346,127
2009-05-29,momentum_score,excess_forward_1m_return,-0.21828679827262978,128
2009-06-30,momentum_score,excess_forward_1m_return,-0.13671472082729946,128
2009-07-31,momentum_score,excess_forward_1m_return,0.3087063164321385,129
2009-08-31,momentum_score,excess_forward_1m_return,-0.1045648047987612,129
2009-09-30,momentum_score,excess_forward_1m_return,0.051179633245288764,129
2009-10-30,momentum_score,excess_forward_1m_return,0.11124888363455719,130
2009-11-30,momentum_score,excess_forward_1m_return,-0.1270467026561099,131
2009-12-30,momentum_score,excess_forward_1m_return,-0.1516119185834221,132
2010-01-29,momentum_score,excess_forward_1m_return,0.054994720402304936,133
2010-02-26,momentum_score,excess_forward_1m_return,-0.11346592680341668,134
2010-03-31,momentum_score,excess_forward_1m_return,0.15626215648740474,135
2010-04-30,momentum_score,excess_forward_1m_return,0.14310660199851413,135
2010-05-31,momentum_score,excess_forward_1m_return,0.092364649546408,136
2010-06-30,momentum_score,excess_forward_1m_return,-0.2896413535027048,136
2010-07-30,momentum_score,excess_forward_1m_return,0.19179699720058685,137
2010-08-31,momentum_score,excess_forward_1m_return,0.1204689948401146,137
2010-09-30,momentum_score,excess_forward_1m_return,-0.02066732726665314,138
2010-10-29,momentum_score,excess_forward_1m_return,-0.005246743046636099,138
2010-11-30,momentum_score,excess_forward_1m_return,-0.03882522029690523,138
2010-12-30,momentum_score,excess_forward_1m_return,0.3147848799510488,138
2011-01-31,momentum_score,excess_forward_1m_return,-0.15225692000779767,139
2011-02-28,momentum_score,excess_forward_1m_return,0.29921005013199226,140
2011-03-31,momentum_score,excess_forward_1m_return,0.32872695204270597,141
2011-04-29,momentum_score,excess_forward_1m_return,0.11836400511643867,141
2011-05-31,momentum_score,excess_forward_1m_return,-0.012896573836762152,142
2011-06-30,momentum_score,excess_forward_1m_return,0.027776684318596884,145
2011-07-29,momentum_score,excess_forward_1m_return,0.2588247105148848,145
2011-08-31,momentum_score,excess_forward_1m_return,0.11666109002987936,145
2011-09-30,momentum_score,excess_forward_1m_return,-0.26706792134666757,145
2011-10-31,momentum_score,excess_forward_1m_return,0.27171632479575486,145
2011-11-30,momentum_score,excess_forward_1m_return,-0.127396332790146,145
2011-12-29,momentum_score,excess_forward_1m_return,-0.5680140360348201,146
2012-01-31,momentum_score,excess_forward_1m_return,-0.24474800448443793,146
2012-02-29,momentum_score,excess_forward_1m_return,0.04694570462936633,146
2012-03-30,momentum_score,excess_forward_1m_return,0.10226842207250478,146
2012-04-30,momentum_score,excess_forward_1m_return,0.16596647161462602,146
2012-05-31,momentum_score,excess_forward_1m_return,-0.185792233841973,146
2012-06-29,momentum_score,excess_forward_1m_return,-0.09008739779075697,146
2012-07-31,momentum_score,excess_forward_1m_return,0.022933878322231115,146
2012-08-31,momentum_score,excess_forward_1m_return,0.09553111024782546,146
2012-09-28,momentum_score,excess_forward_1m_return,0.25043163740734203,146
2012-10-31,momentum_score,excess_forward_1m_return,0.1501036049334915,148
2012-11-30,momentum_score,excess_forward_1m_return,-0.4222731634997788,148
2012-12-28,momentum_score,excess_forward_1m_return,0.09351930087265366,148
2013-01-31,momentum_score,excess_forward_1m_return,0.21411972661952913,148
2013-02-28,momentum_score,excess_forward_1m_return,0.2706129395575808,148
2013-03-29,momentum_score,excess_forward_1m_return,0.5015723532370935,148
2013-04-30,momentum_score,excess_forward_1m_return,-0.2538309336205955,148
2013-05-31,momentum_score,excess_forward_1m_return,0.12820173486212014,148
2013-06-28,momentum_score,excess_forward_1m_return,-0.23265602268478588,148
2013-07-31,momentum_score,excess_forward_1m_return,-0.23200477417918483,149
2013-08-30,momentum_score,excess_forward_1m_return,-0.1655633643782328,149
2013-09-30,momentum_score,excess_forward_1m_return,0.07491032894968168,150
2013-10-31,momentum_score,excess_forward_1m_return,0.02710015292860832,151
2013-11-29,momentum_score,excess_forward_1m_return,-0.00885680625169921,151
2013-12-30,momentum_score,excess_forward_1m_return,-0.05246462960444379,152
2014-01-29,momentum_score,excess_forward_1m_return,0.0194405336322257,152
2014-02-28,momentum_score,excess_forward_1m_return,0.018969055255183255,152
2014-03-31,momentum_score,excess_forward_1m_return,0.033586466317576516,152
2014-04-30,momentum_score,excess_forward_1m_return,0.36349685543224497,153
2014-05-30,momentum_score,excess_forward_1m_return,0.07115393958492353,153
2014-06-30,momentum_score,excess_forward_1m_return,-0.1431519976411617,153
2014-07-31,momentum_score,excess_forward_1m_return,0.2781726891916813,153
2014-08-29,momentum_score,excess_forward_1m_return,0.3239113827349121,153
2014-09-30,momentum_score,excess_forward_1m_return,-0.01339248318827022,153
2014-10-31,momentum_score,excess_forward_1m_return,-0.19451472356756538,154
2014-11-28,momentum_score,excess_forward_1m_return,-0.04613833281176408,156
2014-12-30,momentum_score,excess_forward_1m_return,0.22820998053330743,157
2015-01-30,momentum_score,excess_forward_1m_return,-0.2946076105596438,157
2015-02-27,momentum_score,excess_forward_1m_return,0.3287176978520878,157
2015-03-31,momentum_score,excess_forward_1m_return,0.10565029611046983,157
2015-04-30,momentum_score,excess_forward_1m_return,0.16097582153223203,157
2015-05-29,momentum_score,excess_forward_1m_return,0.46763572652355595,157
2015-06-30,momentum_score,excess_forward_1m_return,0.12876857395591626,157
2015-07-31,momentum_score,excess_forward_1m_return,-0.07285331423137804,157
2015-08-31,momentum_score,excess_forward_1m_return,-0.3580085929116145,157
2015-09-30,momentum_score,excess_forward_1m_return,-0.14610775472110607,157
2015-10-30,momentum_score,excess_forward_1m_return,0.22441230564317827,158
2015-11-30,momentum_score,excess_forward_1m_return,0.2636845106418947,159
2015-12-30,momentum_score,excess_forward_1m_return,0.1881705101661544,159
2016-01-29,momentum_score,excess_forward_1m_return,-0.27629223001408976,159
2016-02-29,momentum_score,excess_forward_1m_return,-0.08356974233473663,159
2016-03-31,momentum_score,excess_forward_1m_return,-0.24899428139819887,159
2016-04-29,momentum_score,excess_forward_1m_return,0.19623238595653214,159
2016-05-31,momentum_score,excess_forward_1m_return,0.22837950800095536,159
2016-06-30,momentum_score,excess_forward_1m_return,-0.20263330146388905,159
2016-07-29,momentum_score,excess_forward_1m_return,0.19239177244435474,159
2016-08-31,momentum_score,excess_forward_1m_return,-0.016321607622138603,159
2016-09-30,momentum_score,excess_forward_1m_return,-0.057547384566154255,159
2016-10-31,momentum_score,excess_forward_1m_return,-0.02492986097584061,159
2016-11-30,momentum_score,excess_forward_1m_return,-0.027546395310031103,161
2016-12-29,momentum_score,excess_forward_1m_return,0.09230930707055629,161
2017-01-31,momentum_score,excess_forward_1m_return,-0.2473512509409709,161
2017-02-28,momentum_score,excess_forward_1m_return,0.11345796475312772,161
2017-03-31,momentum_score,excess_forward_1m_return,-0.1777679367528774,161
2017-04-28,momentum_score,excess_forward_1m_return,-0.18395942589553468,161
2017-05-31,momentum_score,excess_forward_1m_return,0.24086277087031938,166
2017-06-30,momentum_score,excess_forward_1m_return,0.11058924920755671,166
2017-07-31,momentum_score,excess_forward_1m_return,-0.019647048824729733,167
2017-08-31,momentum_score,excess_forward_1m_return,0.1359413549684075,167
2017-09-29,momentum_score,excess_forward_1m_return,-0.1439683277259637,167
2017-10-31,momentum_score,excess_forward_1m_return,0.07240556536115363,168
2017-11-30,momentum_score,excess_forward_1m_return,0.19426548879881786,168
2017-12-28,momentum_score,excess_forward_1m_return,-0.0931981000377381,169
2018-01-31,momentum_score,excess_forward_1m_return,-0.0927417040282071,170
2018-02-28,momentum_score,excess_forward_1m_return,0.1960955056216337,170
2018-03-30,momentum_score,excess_forward_1m_return,-0.16244098084811318,170
2018-04-30,momentum_score,excess_forward_1m_return,0.14024740993907273,170
2018-05-31,momentum_score,excess_forward_1m_return,-0.14644521372320543,170
2018-06-29,momentum_score,excess_forward_1m_return,-0.2935834382638035,170
2018-07-31,momentum_score,excess_forward_1m_return,0.09960465697068605,173
2018-08-31,momentum_score,excess_forward_1m_return,0.1243175303942035,174
2018-09-28,momentum_score,excess_forward_1m_return,0.005265558769479717,174
2018-10-31,momentum_score,excess_forward_1m_return,-0.17348334622473088,174
2018-11-30,momentum_score,excess_forward_1m_return,-0.017308216903989242,174
2018-12-28,momentum_score,excess_forward_1m_return,-0.4423803359722885,174
2019-01-31,momentum_score,excess_forward_1m_return,-0.061228394885959166,174
2019-02-28,momentum_score,excess_forward_1m_return,0.12069644015700512,175
2019-03-29,momentum_score,excess_forward_1m_return,-0.23121992936467295,176
2019-04-30,momentum_score,excess_forward_1m_return,0.16631420114145218,176
2019-05-31,momentum_score,excess_forward_1m_return,0.047104964403976546,176
2019-06-28,momentum_score,excess_forward_1m_return,0.030180547293446065,176
2019-07-31,momentum_score,excess_forward_1m_return,0.12873989034774694,176
2019-08-30,momentum_score,excess_forward_1m_return,-0.082801240373526,176
2019-09-30,momentum_score,excess_forward_1m_return,-0.16868488261332215,176
2019-10-31,momentum_score,excess_forward_1m_return,-0.009972490629811454,176
2019-11-29,momentum_score,excess_forward_1m_return,0.08011461020411696,177
2019-12-30,momentum_score,excess_forward_1m_return,0.3826870545692369,177
2020-01-31,momentum_score,excess_forward_1m_return,0.11280757821432756,177
2020-02-28,momentum_score,excess_forward_1m_return,0.20860334893295412,177
2020-03-31,momentum_score,excess_forward_1m_return,-0.4430887623136719,177
2020-04-29,momentum_score,excess_forward_1m_return,0.06426593217414733,177
2020-05-29,momentum_score,excess_forward_1m_return,0.16858260764183447,177
2020-06-30,momentum_score,excess_forward_1m_return,-0.0014640076478982598,177
2020-07-31,momentum_score,excess_forward_1m_return,0.17044275176252519,178
2020-08-31,momentum_score,excess_forward_1m_return,-0.2064603850186769,178
2020-09-29,momentum_score,excess_forward_1m_return,-0.29648516004932285,178
2020-10-30,momentum_score,excess_forward_1m_return,0.10049395386452403,179
2020-11-30,momentum_score,excess_forward_1m_return,0.1270082721406258,179
2020-12-30,momentum_score,excess_forward_1m_return,0.1389651292529367,179
2021-01-29,momentum_score,excess_forward_1m_return,-0.22731897828017147,180
2021-02-26,momentum_score,excess_forward_1m_return,-0.15194201052607054,180
2021-03-31,momentum_score,excess_forward_1m_return,0.003235998714913556,181
2021-04-30,momentum_score,excess_forward_1m_return,-0.2177279527573277,181
2021-05-31,momentum_score,excess_forward_1m_return,0.1335539504260902,183
2021-06-30,momentum_score,excess_forward_1m_return,-0.09407286329347356,183
2021-07-30,momentum_score,excess_forward_1m_return,-0.1098145356661952,184
2021-08-31,momentum_score,excess_forward_1m_return,0.15508367700580541,186
2021-09-30,momentum_score,excess_forward_1m_return,-0.11066888662245093,187
2021-10-29,momentum_score,excess_forward_1m_return,0.02437928884802874,187
2021-11-30,momentum_score,excess_forward_1m_return,-0.15271421278680167,189
2021-12-30,momentum_score,excess_forward_1m_return,0.07601390911121268,189
2022-01-28,momentum_score,excess_forward_1m_return,-0.13606387796374939,190
2022-02-28,momentum_score,excess_forward_1m_return,-0.041349645862998996,190
2022-03-31,momentum_score,excess_forward_1m_return,0.042979626865353206,190
2022-04-29,momentum_score,excess_forward_1m_return,-0.05749250080840768,190
2022-05-31,momentum_score,excess_forward_1m_return,0.12210467014370441,190
2022-06-30,momentum_score,excess_forward_1m_return,-0.3283243011542819,190
2022-07-29,momentum_score,excess_forward_1m_return,0.2004588269518608,190
2022-08-31,momentum_score,excess_forward_1m_return,0.1316276132107501,190
2022-09-30,momentum_score,excess_forward_1m_return,0.11050444371922433,190
2022-10-31,momentum_score,excess_forward_1m_return,-0.385215219549747,190
2022-11-30,momentum_score,excess_forward_1m_return,0.022701605672120966,190
2022-12-29,momentum_score,excess_forward_1m_return,-0.40149343756141015,190
2023-01-31,momentum_score,excess_forward_1m_return,0.03628880228494448,190
2023-02-28,momentum_score,excess_forward_1m_return,-0.04824539533825839,190
2023-03-31,momentum_score,excess_forward_1m_return,0.048221881540531676,190
2023-04-28,momentum_score,excess_forward_1m_return,-0.07166613887788426,190
2023-05-31,momentum_score,excess_forward_1m_return,0.37996973588840427,192
2023-06-30,momentum_score,excess_forward_1m_return,0.19977365496376756,192
2023-07-31,momentum_score,excess_forward_1m_return,-0.2669191783255038,192
2023-08-31,momentum_score,excess_forward_1m_return,-0.21608321359095267,192
2023-09-27,momentum_score,excess_forward_1m_return,-0.19928875099086096,192
2023-10-31,momentum_score,excess_forward_1m_return,-0.09632080337736326,193
2023-11-30,momentum_score,excess_forward_1m_return,0.028370595266534935,194
2023-12-28,momentum_score,excess_forward_1m_return,0.044913866603697235,194
2024-01-31,momentum_score,excess_forward_1m_return,0.09365482692380396,194
2024-02-29,momentum_score,excess_forward_1m_return,-0.045500081729949585,195
2024-03-29,momentum_score,excess_forward_1m_return,0.010529403553640996,195
2024-04-30,momentum_score,excess_forward_1m_return,0.14058575983823507,195
2024-05-31,momentum_score,excess_forward_1m_return,0.31615692058944755,196
2024-06-28,momentum_score,excess_forward_1m_return,0.042412566863593765,196
2024-07-31,momentum_score,excess_forward_1m_return,-0.18430118235761114,197
2024-08-30,momentum_score,excess_forward_1m_return,-0.2647444072532069,197
2024-09-30,momentum_score,excess_forward_1m_return,0.23007702902624033,197
2024-10-31,momentum_score,excess_forward_1m_return,0.16325287730684862,197
2024-11-29,momentum_score,excess_forward_1m_return,0.004485966052318483,197
2024-12-30,momentum_score,excess_forward_1m_return,0.07897058223381646,197
2025-01-31,momentum_score,excess_forward_1m_return,-0.1435870712147501,197
2025-02-28,momentum_score,excess_forward_1m_return,-0.018835167740227515,198
2025-03-31,momentum_score,excess_forward_1m_return,0.27931336344102303,198
2025-04-30,momentum_score,excess_forward_1m_return,0.25968096133644686,198
2025-05-30,momentum_score,excess_forward_1m_return,0.1277806181592213,199
2025-06-30,momentum_score,excess_forward_1m_return,-0.1324708380586795,199
2025-07-31,momentum_score,excess_forward_1m_return,-0.08917562625781526,199
2025-08-29,momentum_score,excess_forward_1m_return,0.10937037816750379,199
2025-09-30,momentum_score,excess_forward_1m_return,0.03267245317496574,199
2025-10-31,momentum_score,excess_forward_1m_return,-0.2922719658900564,199
2025-11-28,momentum_score,excess_forward_1m_return,0.0346727468417155,200
2025-12-30,momentum_score,excess_forward_1m_return,0.3287782194554864,200
2026-01-30,momentum_score,excess_forward_1m_return,0.26694857413751505,200
2026-02-27,momentum_score,excess_forward_1m_return,-0.39969249231230786,200
2026-03-31,momentum_score,excess_forward_1m_return,0.4202259132325779,200
2026-04-30,momentum_score,excess_forward_1m_return,0.08624615615390387,200
2026-05-29,momentum_score,excess_forward_1m_return,-0.2518907972699318,200
2008-03-31,quality_score,excess_forward_1m_return,-0.010448465774980329,124
2008-04-30,quality_score,excess_forward_1m_return,-0.018624704956726985,124
2008-05-30,quality_score,excess_forward_1m_return,0.0016774219943718554,124
2008-06-30,quality_score,excess_forward_1m_return,0.009107789142407553,124
2008-07-31,quality_score,excess_forward_1m_return,0.03410138248847926,125
2008-08-29,quality_score,excess_forward_1m_return,-0.03138560888730106,125
2008-09-30,quality_score,excess_forward_1m_return,0.2778863287250383,125
2008-10-31,quality_score,excess_forward_1m_return,-0.018402457757296462,125
2008-11-28,quality_score,excess_forward_1m_return,0.03272503840245775,125
2008-12-30,quality_score,excess_forward_1m_return,-0.07285407066052227,125
2009-01-30,quality_score,excess_forward_1m_return,0.04183717357910905,125
2009-02-27,quality_score,excess_forward_1m_return,-0.09216911239505865,125
2009-03-31,quality_score,excess_forward_1m_return,-0.20781221851033863,127
2009-04-30,quality_score,excess_forward_1m_return,0.1801591207349081,127
2009-05-29,quality_score,excess_forward_1m_return,0.11004467766428477,128
2009-06-30,quality_score,excess_forward_1m_return,-0.2046200087891742,128
2009-07-31,quality_score,excess_forward_1m_return,0.03084388644464553,128
2009-08-31,quality_score,excess_forward_1m_return,0.14470241356682195,128
2009-09-30,quality_score,excess_forward_1m_return,0.17048731917231275,128
2009-10-30,quality_score,excess_forward_1m_return,0.07873993738819321,129
2009-11-30,quality_score,excess_forward_1m_return,-0.10554029898041901,130
2009-12-30,quality_score,excess_forward_1m_return,-0.12676560081140234,131
2010-01-29,quality_score,excess_forward_1m_return,-0.04630764976285265,132
2010-02-26,quality_score,excess_forward_1m_return,-0.06909020706976499,132
2010-03-31,quality_score,excess_forward_1m_return,0.05971396152071722,134
2010-04-30,quality_score,excess_forward_1m_return,0.2093018616192222,134
2010-05-31,quality_score,excess_forward_1m_return,-0.052619513314026166,135
2010-06-30,quality_score,excess_forward_1m_return,-0.007979709296653986,135
2010-07-30,quality_score,excess_forward_1m_return,0.299931713979124,135
2010-08-31,quality_score,excess_forward_1m_return,-0.20772389001562852,135
2010-09-30,quality_score,excess_forward_1m_return,0.03334287486284051,136
2010-10-29,quality_score,excess_forward_1m_return,-0.0064620085659229266,136
2010-11-30,quality_score,excess_forward_1m_return,-0.06347979581126854,136
2010-12-30,quality_score,excess_forward_1m_return,-0.10414353339964161,136
2011-01-31,quality_score,excess_forward_1m_return,0.17570985868165098,137
2011-02-28,quality_score,excess_forward_1m_return,0.18844787020676063,138
2011-03-31,quality_score,excess_forward_1m_return,0.12492619885854236,140
2011-04-29,quality_score,excess_forward_1m_return,0.1540880365616322,140
2011-05-31,quality_score,excess_forward_1m_return,-0.11282185850380794,140
2011-06-30,quality_score,excess_forward_1m_return,0.07786190435276441,142
2011-07-29,quality_score,excess_forward_1m_return,0.21039186656074488,142
2011-08-31,quality_score,excess_forward_1m_return,0.25953758557894013,142
2011-09-30,quality_score,excess_forward_1m_return,-0.18330834331372486,142
2011-10-31,quality_score,excess_forward_1m_return,0.20371969236617168,142
2011-11-30,quality_score,excess_forward_1m_return,-0.2423667081732257,142
2011-12-29,quality_score,excess_forward_1m_return,-0.1630101119537739,143
2012-01-31,quality_score,excess_forward_1m_return,-0.01241017601612611,143
2012-02-29,quality_score,excess_forward_1m_return,0.12398274722988951,143
2012-03-30,quality_score,excess_forward_1m_return,0.16239880084589545,143
2012-04-30,quality_score,excess_forward_1m_return,0.13410775741567293,146
2012-05-31,quality_score,excess_forward_1m_return,0.0034704816258891,146
2012-06-29,quality_score,excess_forward_1m_return,0.05209355593169529,146
2012-07-31,quality_score,excess_forward_1m_return,0.01435030318220817,146
2012-08-31,quality_score,excess_forward_1m_return,-0.04904909536819075,146
2012-09-28,quality_score,excess_forward_1m_return,-0.08604976237070172,146
2012-10-31,quality_score,excess_forward_1m_return,0.07728495271514368,146
2012-11-30,quality_score,excess_forward_1m_return,0.005843849112625684,146
2012-12-28,quality_score,excess_forward_1m_return,0.10477475827364484,146
2013-01-31,quality_score,excess_forward_1m_return,0.033098467313664184,146
2013-02-28,quality_score,excess_forward_1m_return,0.09656136427173609,146
2013-03-29,quality_score,excess_forward_1m_return,0.04025527074315792,146
2013-04-30,quality_score,excess_forward_1m_return,-0.0400097847450714,147
2013-05-31,quality_score,excess_forward_1m_return,0.11756038957604517,147
2013-06-28,quality_score,excess_forward_1m_return,-0.17548678116192795,147
2013-07-31,quality_score,excess_forward_1m_return,0.06866898771558741,148
2013-08-30,quality_score,excess_forward_1m_return,-0.20702847724355888,148
2013-09-30,quality_score,excess_forward_1m_return,0.12687683241121078,148
2013-10-31,quality_score,excess_forward_1m_return,0.23815911315002825,149
2013-11-29,quality_score,excess_forward_1m_return,0.061883046918770786,149
2013-12-30,quality_score,excess_forward_1m_return,0.018501739979818944,149
2014-01-29,quality_score,excess_forward_1m_return,0.015468947828680893,149
2014-02-28,quality_score,excess_forward_1m_return,0.17522923299499021,149
2014-03-31,quality_score,excess_forward_1m_return,0.17022687122529362,152
2014-04-30,quality_score,excess_forward_1m_return,0.2395006800210499,152
2014-05-30,quality_score,excess_forward_1m_return,0.13505081363322602,152
2014-06-30,quality_score,excess_forward_1m_return,-0.0280927289005529,152
2014-07-31,quality_score,excess_forward_1m_return,0.10270285047814345,152
2014-08-29,quality_score,excess_forward_1m_return,0.26507493900313694,152
2014-09-30,quality_score,excess_forward_1m_return,0.07932353051779348,152
2014-10-31,quality_score,excess_forward_1m_return,-0.009701414120362243,152
2014-11-28,quality_score,excess_forward_1m_return,0.025969182645293735,154
2014-12-30,quality_score,excess_forward_1m_return,0.13523370788677316,155
2015-01-30,quality_score,excess_forward_1m_return,-0.16607558631896582,155
2015-02-27,quality_score,excess_forward_1m_return,0.11910453268962085,155
2015-03-31,quality_score,excess_forward_1m_return,-0.1976451033726636,157
2015-04-30,quality_score,excess_forward_1m_return,0.12503488610075728,157
2015-05-29,quality_score,excess_forward_1m_return,-0.025693245502992037,157
2015-06-30,quality_score,excess_forward_1m_return,0.16383300863397823,157
2015-07-31,quality_score,excess_forward_1m_return,0.1484602002630581,157
2015-08-31,quality_score,excess_forward_1m_return,-0.16755226366537518,157
2015-09-30,quality_score,excess_forward_1m_return,-0.05732488520527558,157
2015-10-30,quality_score,excess_forward_1m_return,0.013062917105986158,158
2015-11-30,quality_score,excess_forward_1m_return,0.061228252051196336,159
2015-12-30,quality_score,excess_forward_1m_return,0.1677216441677415,159
2016-01-29,quality_score,excess_forward_1m_return,-0.13486426697058837,159
2016-02-29,quality_score,excess_forward_1m_return,-0.1471787676140435,159
2016-03-31,quality_score,excess_forward_1m_return,0.013010518427963998,159
2016-04-29,quality_score,excess_forward_1m_return,0.229675185096728,159
2016-05-31,quality_score,excess_forward_1m_return,0.0883598041557201,159
2016-06-30,quality_score,excess_forward_1m_return,-0.23138600981169108,159
2016-07-29,quality_score,excess_forward_1m_return,-0.034060808798678587,159
2016-08-31,quality_score,excess_forward_1m_return,0.06921979760802902,159
2016-09-30,quality_score,excess_forward_1m_return,-0.07867231511951443,159
2016-10-31,quality_score,excess_forward_1m_return,0.1750389412459746,159
2016-11-30,quality_score,excess_forward_1m_return,0.014495670852575611,161
2016-12-29,quality_score,excess_forward_1m_return,-0.17239723370245374,161
2017-01-31,quality_score,excess_forward_1m_return,0.0036706481145571354,161
2017-02-28,quality_score,excess_forward_1m_return,-0.0488614241473844,161
2017-03-31,quality_score,excess_forward_1m_return,0.07740137736434986,161
2017-04-28,quality_score,excess_forward_1m_return,-0.01190479613760425,161
2017-05-31,quality_score,excess_forward_1m_return,0.02354525189359377,162
2017-06-30,quality_score,excess_forward_1m_return,-0.01588595308483435,162
2017-07-31,quality_score,excess_forward_1m_return,-0.0011248157355655565,162
2017-08-31,quality_score,excess_forward_1m_return,0.06569116430894464,162
2017-09-29,quality_score,excess_forward_1m_return,0.0628950788993467,162
2017-10-31,quality_score,excess_forward_1m_return,0.046339021156285416,162
2017-11-30,quality_score,excess_forward_1m_return,-0.054069502412409966,162
2017-12-28,quality_score,excess_forward_1m_return,-0.13937694805175366,162
2018-01-31,quality_score,excess_forward_1m_return,0.09618817910755705,162
2018-02-28,quality_score,excess_forward_1m_return,-0.04738476997746136,162
2018-03-30,quality_score,excess_forward_1m_return,-0.12770821969333956,162
2018-04-30,quality_score,excess_forward_1m_return,-0.07303204059574625,170
2018-05-31,quality_score,excess_forward_1m_return,0.17021024541862836,170
2018-06-29,quality_score,excess_forward_1m_return,0.09307366973524443,170
2018-07-31,quality_score,excess_forward_1m_return,-0.05191104836381325,170
2018-08-31,quality_score,excess_forward_1m_return,-0.2247239725722493,170
2018-09-28,quality_score,excess_forward_1m_return,0.029853279995413505,170
2018-10-31,quality_score,excess_forward_1m_return,-0.03504379558480589,170
2018-11-30,quality_score,excess_forward_1m_return,-0.11202002931327569,170
2018-12-28,quality_score,excess_forward_1m_return,0.11337396579295984,170
2019-01-31,quality_score,excess_forward_1m_return,0.001798963123087915,170
2019-02-28,quality_score,excess_forward_1m_return,0.036790222818762736,170
2019-03-29,quality_score,excess_forward_1m_return,0.03053532214348713,171
2019-04-30,quality_score,excess_forward_1m_return,0.16340573219883567,175
2019-05-31,quality_score,excess_forward_1m_return,-0.051110642135387616,175
2019-06-28,quality_score,excess_forward_1m_return,0.20751579014545915,175
2019-07-31,quality_score,excess_forward_1m_return,0.0477474249888043,175
2019-08-30,quality_score,excess_forward_1m_return,-0.02182048203233478,175
2019-09-30,quality_score,excess_forward_1m_return,0.17483328192640554,175
2019-10-31,quality_score,excess_forward_1m_return,-0.08332740893832975,175
2019-11-29,quality_score,excess_forward_1m_return,-0.015756108298481182,176
2019-12-30,quality_score,excess_forward_1m_return,0.13742798669823053,176
2020-01-31,quality_score,excess_forward_1m_return,0.10033133410266437,176
2020-02-28,quality_score,excess_forward_1m_return,0.23019946092844776,176
2020-03-31,quality_score,excess_forward_1m_return,-0.12691521961184885,177
2020-04-29,quality_score,excess_forward_1m_return,0.026453849945171217,177
2020-05-29,quality_score,excess_forward_1m_return,-0.09236768754003569,177
2020-06-30,quality_score,excess_forward_1m_return,-0.17586161935695524,177
2020-07-31,quality_score,excess_forward_1m_return,-0.06944038828486342,178
2020-08-31,quality_score,excess_forward_1m_return,-0.0005915343560707848,178
2020-09-29,quality_score,excess_forward_1m_return,0.017236408281902146,178
2020-10-30,quality_score,excess_forward_1m_return,-0.23643445319877063,179
2020-11-30,quality_score,excess_forward_1m_return,-0.012966333981963885,179
2020-12-30,quality_score,excess_forward_1m_return,0.010220126608637201,179
2021-01-29,quality_score,excess_forward_1m_return,0.12083993515785094,179
2021-02-26,quality_score,excess_forward_1m_return,-0.010047496495302658,179
2021-03-31,quality_score,excess_forward_1m_return,0.03778513626199676,180
2021-04-30,quality_score,excess_forward_1m_return,-0.09380957623139036,180
2021-05-31,quality_score,excess_forward_1m_return,-0.055265876657867995,181
2021-06-30,quality_score,excess_forward_1m_return,0.030036630036630037,181
2021-07-30,quality_score,excess_forward_1m_return,-0.009918176290227414,182
2021-08-31,quality_score,excess_forward_1m_return,0.012527210032555719,184
2021-09-30,quality_score,excess_forward_1m_return,0.10137599029604642,185
2021-10-29,quality_score,excess_forward_1m_return,0.20976270800955232,185
2021-11-30,quality_score,excess_forward_1m_return,-0.0030854786688017484,186
2021-12-30,quality_score,excess_forward_1m_return,0.04879224575619262,186
2022-01-28,quality_score,excess_forward_1m_return,-0.23943786037532253,187
2022-02-28,quality_score,excess_forward_1m_return,-0.009711552930899696,187
2022-03-31,quality_score,excess_forward_1m_return,-0.08267949699605588,190
2022-04-29,quality_score,excess_forward_1m_return,0.14258720612902068,190
2022-05-31,quality_score,excess_forward_1m_return,-0.1828996575207653,190
2022-06-30,quality_score,excess_forward_1m_return,-0.002448529701216392,190
2022-07-29,quality_score,excess_forward_1m_return,-0.21836576249962006,190
2022-08-31,quality_score,excess_forward_1m_return,0.02420801060943913,190
2022-09-30,quality_score,excess_forward_1m_return,0.10346587725628563,190
2022-10-31,quality_score,excess_forward_1m_return,0.0310103356121543,190
2022-11-30,quality_score,excess_forward_1m_return,-0.06793160912753088,190
2022-12-29,quality_score,excess_forward_1m_return,0.06772256458011494,190
2023-01-31,quality_score,excess_forward_1m_return,-0.10229850367629373,190
2023-02-28,quality_score,excess_forward_1m_return,-0.016133702493581252,190
2023-03-31,quality_score,excess_forward_1m_return,-0.13188060001824856,190
2023-04-28,quality_score,excess_forward_1m_return,-0.07472352322652698,190
2023-05-31,quality_score,excess_forward_1m_return,-0.09991825108944828,190
2023-06-30,quality_score,excess_forward_1m_return,-0.11033779912258833,190
2023-07-31,quality_score,excess_forward_1m_return,-0.0491604228721892,190
2023-08-31,quality_score,excess_forward_1m_return,0.15668927991881976,190
2023-09-27,quality_score,excess_forward_1m_return,0.10980592843364959,190
2023-10-31,quality_score,excess_forward_1m_return,-0.04841381923394875,191
2023-11-30,quality_score,excess_forward_1m_return,0.12303341473008118,192
2023-12-28,quality_score,excess_forward_1m_return,0.03093384785196891,192
2024-01-31,quality_score,excess_forward_1m_return,-0.0627485189006113,192
2024-02-29,quality_score,excess_forward_1m_return,0.15784580150632976,193
2024-03-29,quality_score,excess_forward_1m_return,-0.09466061452573073,193
2024-04-30,quality_score,excess_forward_1m_return,0.13488646846526078,195
2024-05-31,quality_score,excess_forward_1m_return,-0.05151527225493869,196
2024-06-28,quality_score,excess_forward_1m_return,0.05896462473152503,196
2024-07-31,quality_score,excess_forward_1m_return,0.01691422185320803,197
2024-08-30,quality_score,excess_forward_1m_return,0.1299235478386266,197
2024-09-30,quality_score,excess_forward_1m_return,-0.07386775660887336,197
2024-10-31,quality_score,excess_forward_1m_return,-0.00617095257360476,197
2024-11-29,quality_score,excess_forward_1m_return,0.18927857252730354,197
2024-12-30,quality_score,excess_forward_1m_return,-0.04642142967016064,197
2025-01-31,quality_score,excess_forward_1m_return,-0.16191471402937452,197
2025-02-28,quality_score,excess_forward_1m_return,0.17613784371477423,198
2025-03-31,quality_score,excess_forward_1m_return,0.01476774902943914,198
2025-04-30,quality_score,excess_forward_1m_return,0.09080551194675114,198
2025-05-30,quality_score,excess_forward_1m_return,0.051707019948225984,199
2025-06-30,quality_score,excess_forward_1m_return,0.0024371868574643374,199
2025-07-31,quality_score,excess_forward_1m_return,0.02048275560144491,199
2025-08-29,quality_score,excess_forward_1m_return,-0.14934450637449928,199
2025-09-30,quality_score,excess_forward_1m_return,-0.13957058017359525,199
2025-10-31,quality_score,excess_forward_1m_return,0.0648271661336988,199
2025-11-28,quality_score,excess_forward_1m_return,0.1602777534569002,199
2025-12-30,quality_score,excess_forward_1m_return,-0.16607735647936653,199
2026-01-30,quality_score,excess_forward_1m_return,-0.0290132922389437,199
2026-02-27,quality_score,excess_forward_1m_return,0.10490939546215929,199
2026-03-31,quality_score,excess_forward_1m_return,0.004800121803091091,200
2026-04-30,quality_score,excess_forward_1m_return,-0.011383784594614867,200
2026-05-29,quality_score,excess_forward_1m_return,0.3147933698342459,200
2008-03-31,value_score,excess_forward_1m_return,-0.07529352647740138,124
2008-04-30,value_score,excess_forward_1m_return,0.08552362518357005,124
2008-05-30,value_score,excess_forward_1m_return,0.1632631890877145,124
2008-06-30,value_score,excess_forward_1m_return,0.013119708125326462,124
2008-07-31,value_score,excess_forward_1m_return,0.07452273088981952,125
2008-08-29,value_score,excess_forward_1m_return,-0.0496885550335426,125
2008-09-30,value_score,excess_forward_1m_return,-0.041758665212228666,125
2008-10-31,value_score,excess_forward_1m_return,0.051392443668357664,125
2008-11-28,value_score,excess_forward_1m_return,-0.09205098362148133,125
2008-12-30,value_score,excess_forward_1m_return,0.03843677860582502,125
2009-01-30,value_score,excess_forward_1m_return,0.14476480679099862,125
2009-02-27,value_score,excess_forward_1m_return,0.07972232803953096,125
2009-03-31,value_score,excess_forward_1m_return,0.14525373749889392,127
2009-04-30,value_score,excess_forward_1m_return,-0.013739644045895815,127
2009-05-29,value_score,excess_forward_1m_return,-0.05533084513270679,128
2009-06-30,value_score,excess_forward_1m_return,0.14686966680793714,128
2009-07-31,value_score,excess_forward_1m_return,-0.01999084314589356,128
2009-08-31,value_score,excess_forward_1m_return,-0.2519819797629238,128
2009-09-30,value_score,excess_forward_1m_return,-0.011863950958739959,128
2009-10-30,value_score,excess_forward_1m_return,-0.026586525394988486,129
2009-11-30,value_score,excess_forward_1m_return,0.14494812717855968,130
2009-12-30,value_score,excess_forward_1m_return,0.06794286770113979,131
2010-01-29,value_score,excess_forward_1m_return,0.041721150302369094,132
2010-02-26,value_score,excess_forward_1m_return,0.13195251778250935,132
2010-03-31,value_score,excess_forward_1m_return,-0.01973797438457572,134
2010-04-30,value_score,excess_forward_1m_return,-0.017548191530183825,134
2010-05-31,value_score,excess_forward_1m_return,-0.095532756313415,135
2010-06-30,value_score,excess_forward_1m_return,-0.029092824995695977,135
2010-07-30,value_score,excess_forward_1m_return,-0.08774920899313834,135
2010-08-31,value_score,excess_forward_1m_return,0.27758462084040975,135
2010-09-30,value_score,excess_forward_1m_return,0.26402328736949127,136
2010-10-29,value_score,excess_forward_1m_return,-0.07644106914626358,136
2010-11-30,value_score,excess_forward_1m_return,-0.09938925571812093,136
2010-12-30,value_score,excess_forward_1m_return,0.03958159165461937,136
2011-01-31,value_score,excess_forward_1m_return,-0.012195022556386527,137
2011-02-28,value_score,excess_forward_1m_return,0.04999103788937388,138
2011-03-31,value_score,excess_forward_1m_return,0.0643455445670885,140
2011-04-29,value_score,excess_forward_1m_return,0.023763805562707626,140
2011-05-31,value_score,excess_forward_1m_return,0.14592395867138022,140
2011-06-30,value_score,excess_forward_1m_return,0.059795623902133194,142
2011-07-29,value_score,excess_forward_1m_return,-0.030443841257170833,142
2011-08-31,value_score,excess_forward_1m_return,-0.09411276611355411,142
2011-09-30,value_score,excess_forward_1m_return,0.06952723595062793,142
2011-10-31,value_score,excess_forward_1m_return,-0.006149557579385796,142
2011-11-30,value_score,excess_forward_1m_return,0.1002004819304644,142
2011-12-29,value_score,excess_forward_1m_return,0.0214558102809276,143
2012-01-31,value_score,excess_forward_1m_return,-0.01474862114256851,143
2012-02-29,value_score,excess_forward_1m_return,-0.18173273137905252,143
2012-03-30,value_score,excess_forward_1m_return,-0.03283846534373813,143
2012-04-30,value_score,excess_forward_1m_return,-0.18184394892273908,146
2012-05-31,value_score,excess_forward_1m_return,-0.0007037745460344172,146
2012-06-29,value_score,excess_forward_1m_return,0.045305465364902216,146
2012-07-31,value_score,excess_forward_1m_return,-0.051020270513986686,146
2012-08-31,value_score,excess_forward_1m_return,0.07305123449074259,146
2012-09-28,value_score,excess_forward_1m_return,0.06772559622855458,146
2012-10-31,value_score,excess_forward_1m_return,-0.2197972766426784,146
2012-11-30,value_score,excess_forward_1m_return,0.12105769563586614,146
2012-12-28,value_score,excess_forward_1m_return,0.0959495756618238,146
2013-01-31,value_score,excess_forward_1m_return,-0.008287114397158568,146
2013-02-28,value_score,excess_forward_1m_return,0.03177366833452956,146
2013-03-29,value_score,excess_forward_1m_return,-0.00686221770754237,146
2013-04-30,value_score,excess_forward_1m_return,0.014948027619144193,147
2013-05-31,value_score,excess_forward_1m_return,0.11080760469475613,147
2013-06-28,value_score,excess_forward_1m_return,0.138489670895393,147
2013-07-31,value_score,excess_forward_1m_return,0.060692833882681166,148
2013-08-30,value_score,excess_forward_1m_return,0.03625944135652859,148
2013-09-30,value_score,excess_forward_1m_return,-0.15286426151079602,148
2013-10-31,value_score,excess_forward_1m_return,-0.10328566987540957,149
2013-11-29,value_score,excess_forward_1m_return,-0.18665012312042412,149
2013-12-30,value_score,excess_forward_1m_return,-0.09800864415105517,149
2014-01-29,value_score,excess_forward_1m_return,-0.07476744036981885,149
2014-02-28,value_score,excess_forward_1m_return,0.07066084010017312,149
2014-03-31,value_score,excess_forward_1m_return,0.021283648713671253,152
2014-04-30,value_score,excess_forward_1m_return,-0.08325701250711778,152
2014-05-30,value_score,excess_forward_1m_return,-0.09876838548129205,152
2014-06-30,value_score,excess_forward_1m_return,-0.007036333323160347,152
2014-07-31,value_score,excess_forward_1m_return,-0.09115700664715054,152
2014-08-29,value_score,excess_forward_1m_return,-0.19431078812768202,152
2014-09-30,value_score,excess_forward_1m_return,-0.17701957826663486,152
2014-10-31,value_score,excess_forward_1m_return,0.05594214419735906,152
2014-11-28,value_score,excess_forward_1m_return,-0.0898996591460528,154
2014-12-30,value_score,excess_forward_1m_return,-0.1651083276749316,155
2015-01-30,value_score,excess_forward_1m_return,0.26674026145433866,155
2015-02-27,value_score,excess_forward_1m_return,-0.2147769994554115,155
2015-03-31,value_score,excess_forward_1m_return,0.0455277039906294,157
2015-04-30,value_score,excess_forward_1m_return,-0.20751153636705125,157
2015-05-29,value_score,excess_forward_1m_return,-0.08660663415775882,157
2015-06-30,value_score,excess_forward_1m_return,-0.1459760982212523,157
2015-07-31,value_score,excess_forward_1m_return,0.0021273758557027295,157
2015-08-31,value_score,excess_forward_1m_return,0.16231860247901095,157
2015-09-30,value_score,excess_forward_1m_return,0.022901799060247034,157
2015-10-30,value_score,excess_forward_1m_return,0.006497645737444156,158
2015-11-30,value_score,excess_forward_1m_return,-0.06417889850383351,159
2015-12-30,value_score,excess_forward_1m_return,-0.17970748417585794,159
2016-01-29,value_score,excess_forward_1m_return,0.3382879822594043,159
2016-02-29,value_score,excess_forward_1m_return,0.12070257593013053,159
2016-03-31,value_score,excess_forward_1m_return,0.08459307874759801,159
2016-04-29,value_score,excess_forward_1m_return,-0.24255760051735592,159
2016-05-31,value_score,excess_forward_1m_return,-0.05114811960886097,159
2016-06-30,value_score,excess_forward_1m_return,0.25266410698194636,159
2016-07-29,value_score,excess_forward_1m_return,0.10789136840496054,159
2016-08-31,value_score,excess_forward_1m_return,0.04811175349697228,159
2016-09-30,value_score,excess_forward_1m_return,0.1986128779612848,159
2016-10-31,value_score,excess_forward_1m_return,0.009606233994049326,159
2016-11-30,value_score,excess_forward_1m_return,0.19225219433826451,161
2016-12-29,value_score,excess_forward_1m_return,0.12626621822861336,161
2017-01-31,value_score,excess_forward_1m_return,-0.021353541449965797,161
2017-02-28,value_score,excess_forward_1m_return,0.06225451575315316,161
2017-03-31,value_score,excess_forward_1m_return,-0.12449826626418549,161
2017-04-28,value_score,excess_forward_1m_return,-0.02191835973292508,161
2017-05-31,value_score,excess_forward_1m_return,0.209902915980517,162
2017-06-30,value_score,excess_forward_1m_return,0.14195736550712382,162
2017-07-31,value_score,excess_forward_1m_return,-0.003891218090606442,162
2017-08-31,value_score,excess_forward_1m_return,0.0013309508909165116,162
2017-09-29,value_score,excess_forward_1m_return,-0.15350047096984706,162
2017-10-31,value_score,excess_forward_1m_return,0.12299326009057569,162
2017-11-30,value_score,excess_forward_1m_return,0.02350287719278685,162
2017-12-28,value_score,excess_forward_1m_return,0.12830998789156026,162
2018-01-31,value_score,excess_forward_1m_return,-0.038282779443860646,162
2018-02-28,value_score,excess_forward_1m_return,-0.11158769226924041,162
2018-03-30,value_score,excess_forward_1m_return,0.024273184157508013,162
2018-04-30,value_score,excess_forward_1m_return,-0.03693388089938741,170
2018-05-31,value_score,excess_forward_1m_return,-0.15501580083842287,170
2018-06-29,value_score,excess_forward_1m_return,0.14148149914813699,170
2018-07-31,value_score,excess_forward_1m_return,-0.11455604451489448,170
2018-08-31,value_score,excess_forward_1m_return,0.11520822878273838,170
2018-09-28,value_score,excess_forward_1m_return,0.09698004489215764,170
2018-10-31,value_score,excess_forward_1m_return,-0.0960140403096076,170
2018-11-30,value_score,excess_forward_1m_return,0.03719424878224551,170
2018-12-28,value_score,excess_forward_1m_return,0.03535356003342361,170
2019-01-31,value_score,excess_forward_1m_return,-0.25759553003456215,170
2019-02-28,value_score,excess_forward_1m_return,-0.14167054438456167,170
2019-03-29,value_score,excess_forward_1m_return,-0.0066530501562379555,171
2019-04-30,value_score,excess_forward_1m_return,-0.08903331627664408,175
2019-05-31,value_score,excess_forward_1m_return,0.10847621203466863,175
2019-06-28,value_score,excess_forward_1m_return,-0.07882268116996538,175
2019-07-31,value_score,excess_forward_1m_return,-0.08141897094262177,175
2019-08-30,value_score,excess_forward_1m_return,0.07283414318409928,175
2019-09-30,value_score,excess_forward_1m_return,-0.3119784098318957,175
2019-10-31,value_score,excess_forward_1m_return,0.20457532734996497,175
2019-11-29,value_score,excess_forward_1m_return,0.04791034724894751,176
2019-12-30,value_score,excess_forward_1m_return,-0.12641272596885314,176
2020-01-31,value_score,excess_forward_1m_return,-0.17465108697849915,176
2020-02-28,value_score,excess_forward_1m_return,-0.2542619124999638,176
2020-03-31,value_score,excess_forward_1m_return,0.18256302384658635,177
2020-04-29,value_score,excess_forward_1m_return,-0.14225575608927674,177
2020-05-29,value_score,excess_forward_1m_return,-0.07342989523635042,177
2020-06-30,value_score,excess_forward_1m_return,0.13603181653679272,177
2020-07-31,value_score,excess_forward_1m_return,-0.07125845880092115,178
2020-08-31,value_score,excess_forward_1m_return,0.25682196476922486,178
2020-09-29,value_score,excess_forward_1m_return,0.17266289615149336,178
2020-10-30,value_score,excess_forward_1m_return,0.11629347313741757,179
2020-11-30,value_score,excess_forward_1m_return,-0.1575121619587167,179
2020-12-30,value_score,excess_forward_1m_return,-0.04849406130262702,179
2021-01-29,value_score,excess_forward_1m_return,0.12549151305296952,179
2021-02-26,value_score,excess_forward_1m_return,0.12120102527210333,179
2021-03-31,value_score,excess_forward_1m_return,0.15864879838888418,180
2021-04-30,value_score,excess_forward_1m_return,0.060165294188360065,180
2021-05-31,value_score,excess_forward_1m_return,-0.0382231603589444,181
2021-06-30,value_score,excess_forward_1m_return,0.1338527700549175,181
2021-07-30,value_score,excess_forward_1m_return,-0.07041480397149125,182
2021-08-31,value_score,excess_forward_1m_return,0.26530325264587806,184
2021-09-30,value_score,excess_forward_1m_return,-0.02644667264837714,185
2021-10-29,value_score,excess_forward_1m_return,-0.07219810849633294,185
2021-11-30,value_score,excess_forward_1m_return,-0.012414668423082332,186
2021-12-30,value_score,excess_forward_1m_return,0.22823438969965673,186
2022-01-28,value_score,excess_forward_1m_return,0.0006845584823886925,187
2022-02-28,value_score,excess_forward_1m_return,0.05380115793893975,187
2022-03-31,value_score,excess_forward_1m_return,-0.0012588354678544382,190
2022-04-29,value_score,excess_forward_1m_return,0.06818006858487782,190
2022-05-31,value_score,excess_forward_1m_return,0.06541513213782799,190
2022-06-30,value_score,excess_forward_1m_return,-0.1391731474123869,190
2022-07-29,value_score,excess_forward_1m_return,0.16659996369648655,190
2022-08-31,value_score,excess_forward_1m_return,0.2665595921386523,190
2022-09-30,value_score,excess_forward_1m_return,-0.003304973950804493,190
2022-10-31,value_score,excess_forward_1m_return,0.010947136371296094,190
2022-11-30,value_score,excess_forward_1m_return,0.0010226308468950884,190
2022-12-29,value_score,excess_forward_1m_return,-0.1441735166499307,190
2023-01-31,value_score,excess_forward_1m_return,0.040326996929868845,190
2023-02-28,value_score,excess_forward_1m_return,-0.13882935449294315,190
2023-03-31,value_score,excess_forward_1m_return,-0.03680944564072433,190
2023-04-28,value_score,excess_forward_1m_return,-0.03959647704728528,190
2023-05-31,value_score,excess_forward_1m_return,0.16912912545148218,190
2023-06-30,value_score,excess_forward_1m_return,-0.07747042557614514,190
2023-07-31,value_score,excess_forward_1m_return,0.017718848113063835,190
2023-08-31,value_score,excess_forward_1m_return,0.13303876276884033,190
2023-09-27,value_score,excess_forward_1m_return,0.1252828848438626,190
2023-10-31,value_score,excess_forward_1m_return,-0.1247843964619433,191
2023-11-30,value_score,excess_forward_1m_return,-0.12534116307952242,192
2023-12-28,value_score,excess_forward_1m_return,0.16822764250084235,192
2024-01-31,value_score,excess_forward_1m_return,0.06463188690228623,192
2024-02-29,value_score,excess_forward_1m_return,-0.3204260986139207,193
2024-03-29,value_score,excess_forward_1m_return,0.10172803195345807,193
2024-04-30,value_score,excess_forward_1m_return,0.10971010094969531,195
2024-05-31,value_score,excess_forward_1m_return,0.06454481703634751,196
2024-06-28,value_score,excess_forward_1m_return,0.0038426046198100443,196
2024-07-31,value_score,excess_forward_1m_return,-0.11627510004380243,197
2024-08-30,value_score,excess_forward_1m_return,-0.032015934982106746,197
2024-09-30,value_score,excess_forward_1m_return,0.010306248301347543,197
2024-10-31,value_score,excess_forward_1m_return,0.185846875413856,197
2024-11-29,value_score,excess_forward_1m_return,-0.16148993254823177,197
2024-12-30,value_score,excess_forward_1m_return,-0.06277456416627966,197
2025-01-31,value_score,excess_forward_1m_return,0.15906568785369005,197
2025-02-28,value_score,excess_forward_1m_return,0.24024769864839465,198
2025-03-31,value_score,excess_forward_1m_return,-0.13881065705091084,198
2025-04-30,value_score,excess_forward_1m_return,0.043480747840108094,198
2025-05-30,value_score,excess_forward_1m_return,-0.097387733130711,199
2025-06-30,value_score,excess_forward_1m_return,0.04188216985089832,199
2025-07-31,value_score,excess_forward_1m_return,-0.13220678896038388,199
2025-08-29,value_score,excess_forward_1m_return,0.02526802593880458,199
2025-09-30,value_score,excess_forward_1m_return,-0.21516301780229127,199
2025-10-31,value_score,excess_forward_1m_return,0.1532085249004698,199
2025-11-28,value_score,excess_forward_1m_return,0.169013194437241,199
2025-12-30,value_score,excess_forward_1m_return,0.03256206508377923,199
2026-01-30,value_score,excess_forward_1m_return,0.227501575113547,199
2026-02-27,value_score,excess_forward_1m_return,-0.022188983626080343,199
2026-03-31,value_score,excess_forward_1m_return,-0.1378699984512204,200
2026-04-30,value_score,excess_forward_1m_return,0.037952448811220285,200
2026-05-29,value_score,excess_forward_1m_return,-0.016377409435235885,200
